date,Open,High,Low,Close,Volume
2020-01-07,0.0,37.36,31.26,35.4,209904
2020-01-08,35.11,35.0,32.49,34.0,54901
2020-01-09,33.94,34.2,34.0,34.2,18000
2020-01-10,34.08,36.0,34.81,35.25,22000
2020-01-13,35.51,35.5,35.25,35.25,2100
2020-01-14,35.37,35.0,33.01,33.8,33000
2020-01-15,33.89,33.69,33.0,33.51,22113
2020-01-16,33.39,33.5,33.5,33.5,1000
2020-01-20,33.5,35.77,34.83,35.0,21000
2020-01-30,35.37,36.3,35.5,36.0,13278
2020-02-03,35.92,34.72,31.83,34.72,34044
2020-02-05,33.24,35.76,35.5,35.5,7000
2020-02-06,35.64,35.8,34.39,35.25,29000
2020-02-07,35.23,35.0,35.0,35.0,3000
2020-02-13,35.0,35.99,34.21,35.99,11000
2020-02-14,34.76,35.5,35.5,35.5,5000
2020-02-17,35.5,35.62,35.5,35.5,21000
2020-02-18,35.53,35.7,35.5,35.5,8000
2020-02-19,35.58,38.1,35.77,38.1,58001
2020-02-20,36.59,37.51,37.38,37.38,8000
2020-02-21,37.47,41.5,38.99,41.5,40100
2020-02-24,40.13,49.47,41.0,48.15,65743
2020-02-25,44.06,56.0,47.5,49.0,116738
2020-02-26,51.72,49.99,46.85,49.0,71400
2020-02-27,48.97,49.28,44.0,44.0,76537
2020-03-02,46.71,45.0,43.71,45.0,4000
2020-03-03,44.68,45.25,44.9,45.0,14100
2020-03-04,45.05,43.05,43.04,43.04,1010
2020-03-05,43.05,45.14,43.0,43.94,42000
2020-03-06,43.95,44.0,44.0,44.0,15000
2020-03-09,44.0,42.51,40.87,42.0,73700
2020-03-10,41.56,41.0,39.9,41.0,29000
2020-03-11,40.19,42.0,41.0,42.0,25000
2020-03-12,41.5,42.2,42.0,42.0,23000
2020-03-13,42.05,41.0,30.0,41.0,94000
2020-03-16,36.54,39.91,39.0,39.0,13000
2020-03-17,39.49,38.0,37.0,37.0,7000
2020-03-19,37.31,35.64,33.25,34.51,24000
2020-03-20,34.66,38.73,35.0,38.73,19000
2020-03-23,36.68,38.7,36.85,38.7,8000
2020-03-24,38.21,40.0,38.0,38.0,20000
2020-03-25,38.76,39.0,37.5,38.7,23000
2020-03-30,38.39,37.45,37.45,37.45,4366
2020-03-31,37.45,38.7,38.5,38.7,7000
2020-04-07,38.55,38.9,38.5,38.85,15000
2020-04-10,38.76,39.55,39.5,39.55,6000
2020-04-13,39.53,40.5,40.5,40.5,1000
2020-04-15,40.5,39.5,38.5,39.5,13000
2020-04-16,39.14,39.0,39.0,39.0,3000
2020-04-17,39.0,38.95,38.95,38.95,1000
2020-04-23,38.95,41.0,41.0,41.0,6000
2020-04-24,41.0,42.05,40.85,41.0,10000
2020-04-27,41.24,44.2,42.0,43.0,11000
2020-04-28,42.85,43.0,43.0,43.0,3000
2020-05-05,43.0,43.5,42.8,43.0,15000
2020-05-06,42.98,50.0,43.0,49.0,49000
2020-05-08,47.76,50.9,47.7,49.95,13000
2020-05-11,49.68,48.55,48.5,48.5,6000
2020-05-14,48.53,48.8,48.05,48.2,13001
2020-05-15,48.44,49.55,49.35,49.4,9001
2020-05-18,49.47,50.0,47.7,47.7,2001
2020-05-19,50.0,50.0,50.0,50.0,1000
2020-05-21,50.0,49.5,49.5,49.5,2000
2020-05-22,49.5,50.0,49.5,50.0,9000
2020-05-26,49.93,48.0,47.65,47.65,6000
2020-05-27,47.79,49.95,49.5,49.75,9000
2020-05-29,49.73,51.0,49.8,50.2,40000
2020-06-02,50.42,50.0,49.5,49.5,6000
2020-06-03,49.75,50.4,50.0,50.0,7000
2020-06-04,50.11,50.2,50.0,50.0,3003
2020-06-05,50.0,50.4,50.0,50.0,14000
2020-06-08,50.22,50.2,48.7,50.0,12000
2020-06-09,49.94,50.0,50.0,50.0,4000
2020-06-16,50.0,51.0,50.0,50.5,10000
2020-06-18,50.85,51.0,50.0,50.5,10000
2020-06-19,50.56,50.5,50.5,50.5,1000
2020-06-22,50.5,50.7,49.45,50.5,11000
2020-06-24,50.46,51.2,50.3,51.0,13000
2020-06-29,51.05,52.0,50.0,50.7,16000
2020-06-30,50.64,52.0,51.0,51.5,9000
2020-07-01,51.63,51.5,51.5,51.5,1000
2020-07-02,51.5,51.9,51.9,51.9,1000
2020-07-03,51.9,51.9,51.4,51.4,6000
2020-07-06,51.65,51.9,51.7,51.7,4053
2020-07-07,51.8,51.5,51.1,51.5,6000
2020-07-08,51.2,51.5,50.5,50.5,9000
2020-07-09,51.11,51.0,50.0,51.0,5000
2020-07-10,50.7,51.0,51.0,51.0,5000
2020-07-14,51.0,51.5,50.5,50.5,4000
2020-07-15,51.0,51.0,50.5,50.5,3080
2020-07-16,50.73,50.0,50.0,50.0,2000
2020-07-17,50.0,50.5,49.5,50.5,17020
2020-07-20,50.26,51.0,50.5,50.7,5001
2020-07-21,50.9,50.0,50.0,50.0,5000
2020-07-22,50.0,50.5,50.0,50.0,11910
2020-07-23,50.23,50.0,50.0,50.0,3000
2020-07-27,50.0,50.0,50.0,50.0,2000
2020-07-28,50.0,49.0,48.5,49.0,4000
2020-07-29,48.75,50.0,49.0,50.0,17000
2020-07-31,49.65,50.0,49.5,50.0,10000
2020-08-04,49.85,49.2,49.0,49.2,4000
2020-08-05,49.05,49.0,49.0,49.0,4000
2020-08-06,49.0,49.0,49.0,49.0,3000
2020-08-07,49.0,49.0,47.7,47.7,2000
2020-08-10,48.35,48.9,48.5,48.7,7000
2020-08-13,48.73,48.7,48.7,48.7,3000
2020-08-14,48.7,48.9,48.7,48.85,11000
2020-08-17,48.84,48.6,48.6,48.6,6000
2020-08-18,48.6,48.7,47.75,47.75,10000
2020-08-24,48.49,46.35,44.65,44.65,8000
2020-08-27,45.91,46.0,46.0,46.0,1000
2020-08-28,46.0,46.0,46.0,46.0,3000
2020-09-01,46.0,46.0,43.7,44.7,20000
2020-09-02,44.52,45.05,45.0,45.05,6000
2020-09-03,45.03,43.5,43.25,43.5,2000
2020-09-04,43.38,43.2,43.0,43.1,6000
2020-09-08,43.08,42.85,41.8,42.0,12000
2020-09-09,42.16,43.0,43.0,43.0,3000
2020-09-10,43.0,43.0,43.0,43.0,4000
2020-09-14,43.0,43.0,43.0,43.0,3000
2020-09-15,43.0,43.0,43.0,43.0,6000
2020-09-16,43.0,43.0,42.0,42.0,9000
2020-09-21,42.28,42.3,42.3,42.3,23
2020-09-24,42.3,42.0,41.0,41.0,19023
2020-09-25,41.56,42.0,42.0,42.0,5000
2020-09-28,42.0,42.45,41.8,42.15,16000
2020-09-29,42.14,43.0,43.0,43.0,3000
2020-09-30,43.0,54.7,43.0,52.3,51000
2020-10-05,48.2,51.2,48.3,48.8,97000
2020-10-06,49.18,48.5,48.0,48.5,26000
2020-10-07,48.38,48.5,48.3,48.5,28000
2020-10-08,48.42,48.5,48.0,48.0,27000
2020-10-12,48.26,48.6,47.8,48.3,61000
2020-10-13,48.34,48.3,48.3,48.3,6000
2020-10-14,48.3,48.3,47.85,47.85,49000
2020-10-15,48.2,48.0,48.0,48.0,10000
2020-10-16,48.0,48.0,48.0,48.0,3000
2020-10-19,48.0,47.5,47.0,47.0,13000
2020-10-20,47.23,47.15,47.0,47.15,26000
2020-10-21,47.12,47.2,47.0,47.2,26000
2020-10-22,47.13,47.6,47.2,47.6,11000
2020-10-23,47.56,48.0,47.7,48.0,17000
2020-10-27,47.72,47.0,46.0,47.0,4000
2020-10-29,46.5,47.0,47.0,47.0,2000
2020-11-02,47.0,47.0,46.15,46.15,13000
2020-11-03,46.6,46.15,45.85,46.0,20000
2020-11-04,46.02,45.6,45.0,45.0,2000
2020-11-09,45.3,46.0,45.5,45.5,10000
2020-11-10,45.95,45.95,45.55,45.95,2000
2020-11-11,45.75,46.1,45.95,46.1,6000
2020-11-12,46.03,47.0,46.0,47.0,9000
2020-11-13,46.61,47.0,45.95,46.0,6000
2020-11-16,46.6,47.5,47.0,47.5,19000
2020-11-17,47.09,48.2,47.2,47.35,14000
2020-11-19,47.49,48.15,47.35,47.5,11000
2020-11-20,47.83,48.5,47.3,48.5,17000
2020-11-23,48.13,50.0,48.0,50.0,32000
2020-11-24,49.76,49.5,48.0,49.0,42000
2020-11-25,48.34,49.1,47.85,48.5,28000
2020-11-26,48.71,48.9,48.5,48.5,6000
2020-11-27,48.73,48.5,46.75,48.0,8000
2020-11-30,47.81,49.15,47.85,49.15,7000
2020-12-01,48.89,50.0,48.8,49.7,58200
2020-12-02,49.3,50.0,48.8,49.1,15000
2020-12-07,49.49,50.0,48.8,48.8,18000
2020-12-08,49.38,50.0,49.0,49.0,2000
2020-12-09,49.5,49.7,48.9,49.0,8000
2020-12-10,49.51,48.8,48.15,48.15,4000
2020-12-11,48.49,48.0,46.6,48.0,14000
2020-12-14,47.7,49.0,49.0,49.0,2000
2020-12-15,49.0,48.8,48.5,48.5,2000
2020-12-16,48.65,50.0,50.0,50.0,1000
2020-12-17,50.0,50.0,49.0,49.6,10000
2020-12-18,49.76,50.3,49.8,50.0,27100
2020-12-21,50.02,49.85,49.85,49.85,1000
2020-12-22,49.85,50.0,49.7,49.7,9000
2020-12-23,49.85,50.0,49.8,50.0,10000
2020-12-24,49.98,48.65,48.6,48.65,2000
2020-12-25,48.63,49.0,48.8,48.85,22000
2020-12-28,48.93,50.2,49.0,50.0,12900
2020-12-29,49.78,50.5,49.8,50.0,36000
2020-12-30,50.06,51.0,49.65,49.65,42648
2020-12-31,50.6,51.0,50.2,50.6,6002
2021-01-04,50.53,51.2,50.0,51.0,35000
2021-01-05,50.75,51.0,50.9,50.9,3000
2021-01-06,50.97,57.6,51.8,57.0,49000
2021-01-07,54.78,60.0,56.0,56.0,65563
2021-01-08,57.1,55.3,54.0,55.0,19000
2021-01-11,54.92,54.2,53.8,53.8,12000
2021-01-12,54.05,55.1,54.5,54.5,11003
2021-01-13,54.72,54.0,52.1,54.0,8010
2021-01-15,53.52,54.5,54.0,54.3,31500
2021-01-18,54.27,54.3,54.0,54.0,8000
2021-01-19,54.11,54.3,54.0,54.0,7500
2021-01-20,54.14,54.2,53.8,54.1,26002
2021-01-21,54.0,54.2,54.2,54.2,1
2021-01-22,54.2,54.4,54.0,54.0,2000
2021-01-26,54.2,54.0,53.7,53.7,11000
2021-01-27,53.89,53.7,53.7,53.7,3000
2021-01-28,53.7,53.6,53.5,53.5,5000
2021-01-29,53.54,53.5,53.1,53.3,12801
2021-02-01,53.31,53.5,53.5,53.5,4000
2021-02-02,53.5,54.2,53.5,54.0,12001
2021-02-04,53.74,54.0,53.9,53.9,5000
2021-02-17,53.94,53.8,53.8,53.8,2000
2021-02-18,53.8,53.7,53.5,53.6,4500
2021-02-19,53.64,55.0,54.1,54.4,37000
2021-02-22,54.39,54.5,54.2,54.3,9201
2021-02-23,54.31,54.5,54.0,54.2,26000
2021-02-24,54.25,56.6,54.7,56.2,18200
2021-02-25,55.9,60.8,57.7,59.5,75170
2021-02-26,59.18,60.2,57.2,58.5,30400
2021-03-02,58.28,70.7,60.2,70.3,79890
2021-03-03,66.37,81.7,70.9,78.2,107520
2021-03-04,77.64,83.7,78.2,78.9,80600
2021-03-05,80.21,78.9,69.2,72.0,78451
2021-03-08,72.03,76.9,72.7,73.8,33650
2021-03-09,74.96,74.9,72.7,72.7,8000
2021-03-10,73.84,75.9,71.1,71.5,34941
2021-03-11,72.85,72.1,69.9,72.1,28591
2021-03-12,71.1,72.1,70.2,70.8,17050
2021-03-15,70.97,74.0,72.0,72.9,14680
2021-03-16,73.57,73.3,71.7,72.9,30390
2021-03-17,72.84,73.1,73.1,73.1,3000
2021-03-18,73.1,73.8,73.0,73.2,8060
2021-03-19,73.49,74.0,73.0,74.0,18060
2021-03-22,73.66,75.5,74.0,74.8,25260
2021-03-23,74.92,78.0,74.8,77.5,18700
2021-03-24,77.34,79.9,76.1,78.5,31100
2021-03-25,77.69,81.2,79.5,79.5,39410
2021-03-26,80.26,80.0,78.2,79.6,10600
2021-03-29,78.79,83.0,78.0,80.5,57052
2021-03-30,79.71,81.0,80.2,81.0,28000
2021-03-31,80.61,84.4,80.3,84.4,31830
2021-04-01,82.8,85.1,83.0,85.1,90690
2021-04-06,84.42,89.0,83.5,84.0,37251
2021-04-07,84.84,85.2,83.5,84.8,16800
2021-04-08,84.79,84.5,82.1,82.1,7451
2021-04-09,84.14,82.1,80.7,81.0,26650
2021-04-12,81.54,81.0,77.6,80.0,27990
2021-04-13,79.95,79.3,77.5,78.0,28301
2021-04-14,78.05,80.3,78.1,80.0,57800
2021-04-15,80.03,82.1,80.6,80.6,5000
2021-04-16,80.9,82.9,82.9,82.9,1
2021-04-19,82.9,82.9,80.0,80.0,5000
2021-04-20,80.64,79.8,77.7,77.7,16300
2021-04-21,78.7,79.4,76.8,79.4,4350
2021-04-22,79.12,79.4,77.0,77.5,11001
2021-04-26,77.95,78.0,77.0,78.0,3100
2021-04-27,77.35,78.7,78.0,78.5,21000
2021-04-28,78.37,78.0,77.8,77.8,1450
2021-04-29,77.94,77.8,77.8,77.8,3000
2021-05-03,77.8,77.9,73.3,75.5,24400
2021-05-04,75.64,73.6,72.5,73.0,26200
2021-05-05,73.22,73.2,72.8,72.8,2350
2021-05-06,73.03,70.5,69.0,70.0,36050
2021-05-07,69.71,70.0,69.0,69.9,10000
2021-05-10,69.41,67.1,64.1,67.1,14000
2021-05-11,66.41,65.2,63.2,63.6,49100
2021-05-12,64.02,64.0,60.0,62.0,39400
2021-05-13,62.08,62.1,61.5,62.1,15000
2021-05-14,61.86,60.0,60.0,60.0,2000
2021-05-18,60.0,61.0,59.8,59.8,12000
2021-05-20,60.35,60.0,60.0,60.0,2000
2021-05-21,60.0,72.0,62.0,71.8,30634
2021-05-24,66.86,68.5,64.6,65.1,24033
2021-05-25,65.69,64.9,64.9,64.9,300
2021-05-28,64.9,69.0,68.0,68.4,11000
2021-05-31,68.29,70.1,68.0,69.8,21000
2021-06-01,69.12,70.9,70.5,70.5,6000
2021-06-02,70.7,69.0,68.7,69.0,7000
2021-06-03,68.79,69.0,69.0,69.0,2000
2021-06-07,69.0,70.4,69.0,70.1,14000
2021-06-08,69.89,71.0,70.0,70.0,16000
2021-06-09,70.4,69.9,69.9,69.9,1000
2021-06-10,69.9,70.3,69.7,69.7,9000
2021-06-11,70.03,74.0,70.3,72.4,34500
2021-06-15,72.42,72.4,71.5,71.5,18000
2021-06-16,72.12,72.4,72.4,72.4,1000
2021-06-17,72.4,72.9,72.9,72.9,3000
2021-06-18,72.9,72.4,71.7,72.4,2000
2021-06-21,72.05,73.0,72.0,72.0,5000
2021-06-22,72.46,73.5,72.0,73.4,15000
2021-06-23,72.74,73.4,73.4,73.4,2000
2021-06-24,73.4,75.3,75.3,75.3,1
2021-06-25,75.3,75.3,75.3,75.3,3000
2021-07-02,75.3,72.3,72.3,72.3,2200
2021-07-05,72.3,72.5,72.5,72.5,2000
2021-07-06,72.5,73.1,72.4,73.1,7000
2021-07-09,72.79,72.8,72.8,72.8,1
2021-07-12,72.8,74.9,72.8,74.9,5000
2021-07-13,73.68,75.3,73.1,75.0,31000
2021-07-14,74.98,75.9,74.8,74.8,11000
2021-07-15,75.01,75.9,75.8,75.9,2000
2021-07-16,75.85,75.0,74.7,74.7,24000
2021-07-19,74.86,74.6,74.2,74.2,8000
2021-07-20,74.4,77.0,75.6,77.0,16010
2021-07-21,76.34,77.3,75.6,77.0,12000
2021-07-22,76.89,77.5,75.8,77.5,16000
2021-07-27,77.07,79.9,77.3,77.5,9200
2021-07-28,77.98,77.3,77.3,77.3,10
2021-07-29,77.3,80.0,80.0,80.0,7
2021-07-30,80.0,78.0,78.0,78.0,1000
2021-08-03,78.0,79.0,78.0,79.0,7000
2021-08-04,78.81,79.1,78.0,78.0,4000
2021-08-05,78.48,78.5,78.0,78.5,9000
2021-08-06,78.23,80.2,77.8,77.8,8000
2021-08-09,78.75,78.3,77.1,77.1,20000
2021-08-10,77.8,77.0,77.0,77.0,3000
2021-08-11,77.0,77.9,76.7,76.9,13001
2021-08-12,77.0,76.8,76.8,76.8,3000
2021-08-13,76.8,77.1,76.8,76.8,6000
2021-08-16,76.95,76.0,76.0,76.0,3000
2021-08-17,76.0,76.0,71.6,72.0,28000
2021-08-18,72.79,71.9,70.1,71.9,13000
2021-08-20,71.46,71.4,70.1,71.4,7001
2021-08-23,70.66,71.5,71.2,71.5,6000
2021-08-24,71.3,72.4,72.4,72.4,1000
2021-08-26,72.4,72.5,72.5,72.5,3000
2021-08-27,72.5,72.9,72.0,72.0,5000
2021-08-30,72.4,72.9,72.0,72.0,2000
2021-08-31,72.45,73.0,72.9,73.0,4000
2021-09-01,72.98,74.0,73.5,74.0,4020
2021-09-02,73.88,74.0,74.0,74.0,3000
2021-09-03,74.0,75.7,75.6,75.7,6000
2021-09-06,75.65,78.8,75.6,75.6,18000
2021-09-07,77.14,77.3,75.6,75.7,17000
2021-09-08,76.71,75.5,75.5,75.5,3000
2021-09-09,75.5,76.0,75.5,75.5,3000
2021-09-10,75.83,78.2,75.2,78.2,9000
2021-09-14,76.43,77.0,76.7,76.7,2000
2021-09-15,76.85,76.7,76.2,76.5,10000
2021-09-17,76.38,78.3,76.0,78.0,12000
2021-09-22,77.51,77.9,77.0,77.3,4000
2021-09-23,77.53,77.9,77.9,77.9,1000
2021-09-27,77.9,77.3,77.3,77.3,2000
2021-09-28,77.3,76.3,76.0,76.0,6000
2021-09-29,76.15,74.5,74.5,74.5,1000
2021-10-01,74.5,75.3,73.8,73.8,8000
2021-10-04,74.14,74.4,74.4,74.4,1000
2021-10-07,74.4,73.3,73.0,73.0,4000
2021-10-08,73.15,72.1,71.2,71.8,12000
2021-10-13,71.78,71.2,70.4,70.9,11000
2021-10-14,70.85,71.1,70.8,71.0,6000
2021-10-15,71.02,71.3,71.0,71.0,2000
2021-10-20,71.15,70.4,69.8,69.8,6000
2021-10-22,70.1,71.9,70.1,71.9,2000
2021-10-26,71.0,71.3,70.4,71.0,13000
2021-10-28,71.05,70.5,70.5,70.5,1000
2021-10-29,70.5,70.4,70.3,70.3,3000
2021-11-01,70.33,70.6,68.8,70.6,9000
2021-11-02,69.93,70.1,68.8,70.1,7000
2021-11-03,69.54,70.9,69.7,70.1,4000
2021-11-04,70.2,70.3,70.3,70.3,1010
2021-11-05,70.3,69.8,69.7,69.7,5000
2021-11-08,69.76,71.0,70.9,71.0,5000
2021-11-09,70.94,71.1,70.0,70.0,2000
2021-11-10,70.55,70.9,70.9,70.9,100
2021-11-11,70.9,71.2,70.9,71.1,12000
2021-11-15,71.13,70.0,70.0,70.0,200000
2021-11-17,70.0,71.5,70.5,70.5,6000
2021-11-18,70.93,71.0,71.0,71.0,2100
2021-11-19,71.0,71.3,71.0,71.0,8200
2021-11-22,71.22,69.5,69.0,69.0,14200
2021-11-23,69.23,69.5,68.2,68.2,21000
2021-11-24,68.82,68.5,68.5,68.5,50
2021-11-25,68.5,68.0,65.0,65.0,12050
2021-11-29,66.08,65.6,65.6,65.6,50
2021-11-30,65.6,64.8,63.6,63.6,5100
2021-12-01,64.16,64.0,60.9,62.0,18150
2021-12-02,61.95,61.0,59.0,59.0,16300
2021-12-03,59.88,58.0,57.7,58.0,18141
2021-12-06,57.88,60.8,57.8,60.7,5020
2021-12-07,60.71,62.0,61.9,62.0,7000
2021-12-08,61.97,62.9,62.9,62.9,5000
2021-12-09,62.9,66.2,65.7,65.8,6000
2021-12-10,65.83,67.5,65.0,67.5,15050
2021-12-13,66.37,70.4,66.9,70.3,9000
2021-12-14,69.74,68.1,67.2,67.2,9100
2021-12-16,67.31,68.2,65.1,68.0,23170
2021-12-17,67.03,66.5,65.9,66.5,3100
2021-12-20,65.92,67.0,65.8,66.0,10105
2021-12-21,66.02,66.7,64.6,66.3,18090
2021-12-22,64.93,65.0,64.6,65.0,13100
2021-12-23,64.78,65.9,64.5,65.0,9205
2021-12-24,64.8,65.0,64.5,64.8,19000
2021-12-27,64.71,66.0,64.1,65.5,5100
2021-12-28,65.32,65.3,65.0,65.0,5055
2021-12-29,65.12,65.3,64.1,65.3,7152
2021-12-30,64.85,65.4,63.6,64.9,9000
2022-01-03,64.2,64.1,63.4,63.4,9000
2022-01-04,63.61,63.6,63.0,63.2,14100
2022-01-05,63.34,63.0,61.1,62.9,13300
2022-01-06,62.71,62.1,61.8,61.8,6000
2022-01-07,61.97,62.1,61.9,62.1,8000
2022-01-10,62.03,64.6,64.6,64.6,1000
2022-01-11,64.6,65.5,64.7,65.5,33820
2022-01-12,65.27,65.4,65.2,65.2,9000
2022-01-13,65.27,65.7,65.4,65.7,1477
2022-01-14,65.5,66.0,63.9,65.0,19436
2022-01-17,64.72,65.3,64.6,64.6,7200
2022-01-18,64.75,64.5,64.3,64.5,6000
2022-01-19,64.4,64.9,64.3,64.9,10000
2022-01-20,64.48,64.5,62.4,63.5,19000
2022-01-21,64.06,64.0,64.0,64.0,5000
2022-01-25,64.0,63.8,62.8,63.8,9050
2022-01-26,63.27,63.7,63.0,63.7,7000
2022-02-07,63.3,64.9,63.1,64.0,11000
2022-02-08,63.59,64.0,63.0,64.0,11000
2022-02-09,63.5,64.0,63.3,63.5,8010
2022-02-10,63.49,63.7,62.9,63.5,16000
2022-02-11,63.46,63.5,63.0,63.5,3500
2022-02-14,63.07,63.2,62.9,62.9,7389
2022-02-15,63.0,63.9,63.0,63.6,19000
2022-02-16,63.65,66.8,63.6,65.0,22003
2022-02-17,65.18,67.4,64.7,65.0,16155
2022-02-21,65.63,65.8,64.8,65.8,2000
2022-02-22,65.3,66.0,64.7,64.9,13000
2022-02-23,65.09,68.1,67.0,68.1,7000
2022-02-24,67.6,67.1,66.8,67.1,8003
2022-02-25,67.0,65.6,65.6,65.6,4000
2022-03-01,65.6,66.3,65.8,66.3,6000
2022-03-02,65.98,66.3,66.0,66.3,2000
2022-03-03,66.15,67.9,66.5,66.6,15000
2022-03-04,66.96,67.0,66.7,67.0,6000
2022-03-07,66.85,68.9,66.3,67.0,7000
2022-03-09,67.24,65.1,65.1,65.1,2000
2022-03-10,65.1,66.3,66.0,66.3,13000
2022-03-11,66.16,67.0,66.1,66.1,2000
2022-03-14,66.55,66.5,66.0,66.5,3000
2022-03-15,66.2,69.0,66.2,69.0,5001
2022-03-16,66.64,69.7,66.7,67.0,4020
2022-03-17,66.78,67.0,66.6,66.6,5336
2022-03-18,66.87,67.1,66.3,66.3,25040
2022-03-21,66.79,67.5,67.0,67.0,1634
2022-03-22,67.17,66.0,64.6,64.7,12120
2022-03-23,64.86,67.0,67.0,67.0,1000
2022-03-24,67.0,67.8,67.8,67.8,2
2022-03-25,67.8,67.8,67.8,67.8,500
2022-03-28,67.8,68.4,67.0,68.0,8500
2022-03-29,67.94,68.8,68.0,68.5,4322
2022-03-30,68.67,68.6,68.5,68.5,6500
2022-03-31,68.55,68.5,68.5,68.5,1000
2022-04-01,68.5,68.6,68.3,68.6,3150
2022-04-06,68.49,68.3,68.3,68.3,200
2022-04-07,68.3,71.4,68.4,71.4,8000
2022-04-08,69.44,69.3,68.0,68.6,5000
2022-04-11,68.38,68.5,68.5,68.5,523
2022-04-12,68.5,71.4,68.5,71.4,3001
2022-04-13,68.5,71.4,71.4,71.4,14
2022-04-14,71.4,71.2,68.1,68.1,1014
2022-04-15,71.16,69.0,68.1,69.0,5041
2022-04-18,68.46,68.0,68.0,68.0,4000
2022-04-19,68.0,68.9,68.0,68.0,6000
2022-04-22,68.55,67.9,67.9,67.9,1533
2022-04-25,67.9,67.6,67.5,67.5,2500
2022-04-26,67.54,67.9,67.6,67.9,7001
2022-04-27,67.64,66.4,66.4,66.4,1000
2022-04-28,66.4,67.9,67.9,67.9,233
2022-05-03,67.9,69.9,69.9,69.9,1
2022-05-04,69.9,69.9,67.7,67.7,2070
2022-05-05,68.84,70.7,68.1,70.7,1071
2022-05-09,68.1,68.2,67.9,68.2,16000
2022-05-10,68.09,68.0,66.5,68.0,4000
2022-05-11,67.63,68.4,67.0,67.0,5990
2022-05-12,67.62,68.0,68.0,68.0,1000
2022-05-13,68.0,71.4,71.4,71.4,2
2022-05-16,71.4,68.0,68.0,68.0,3000
2022-05-17,68.0,67.0,67.0,67.0,2000
2022-05-18,67.0,67.0,66.0,66.0,4000
2022-05-23,66.19,70.4,68.2,70.4,9002
2022-05-24,68.23,67.5,67.3,67.3,2000
2022-05-25,67.4,67.4,67.3,67.4,2000
2022-05-26,67.35,67.4,66.9,66.9,6200
2022-05-27,67.12,66.1,66.0,66.0,2000
2022-05-30,66.05,66.0,65.0,65.0,3000
2022-05-31,65.67,65.0,64.8,64.8,4000
2022-06-01,64.95,65.0,65.0,65.0,4000
2022-06-07,65.0,65.0,65.0,65.0,1000
2022-06-09,65.0,68.0,68.0,68.0,1
2022-06-10,68.0,68.1,68.1,68.1,4000
2022-06-14,68.1,66.8,66.8,66.8,1000
2022-06-15,66.8,68.9,67.0,67.5,6031
2022-06-16,67.24,68.4,67.1,67.5,20120
2022-06-17,67.9,67.8,66.2,66.5,8000
2022-06-20,66.48,66.5,65.0,66.0,3031
2022-06-21,65.35,64.8,64.0,64.8,4021
2022-06-22,64.03,63.0,58.4,59.0,35140
2022-06-23,60.43,60.9,59.6,60.2,24000
2022-06-24,60.31,61.6,61.5,61.6,2000
2022-06-27,61.55,61.1,57.8,61.1,1132020
2022-06-28,57.92,65.3,57.8,62.3,1219430
2022-06-29,57.99,61.9,57.8,61.9,1065218
2022-06-30,58.18,67.0,60.8,65.0,800276
2022-07-01,61.1,61.2,57.1,57.1,60000
2022-07-07,58.95,58.0,55.2,55.9,13201
2022-07-08,56.9,57.0,52.2,52.5,25221
2022-07-11,54.0,53.0,51.9,52.5,14110
2022-07-12,52.2,54.9,53.0,54.9,8400
2022-07-13,53.11,53.2,53.0,53.2,7000
2022-07-14,53.07,54.2,54.2,54.2,100
2022-07-15,54.2,54.2,53.0,53.0,6142
2022-07-18,53.4,53.5,52.3,53.5,3900
2022-07-19,52.33,53.0,53.0,53.0,6000
2022-07-20,53.0,54.0,54.0,54.0,1000
2022-07-21,54.0,52.1,52.1,52.1,1300
2022-07-22,52.1,54.0,54.0,54.0,5100
2022-07-29,54.0,53.8,53.8,53.8,2000
2022-08-03,53.8,54.0,54.0,54.0,1000
2022-08-04,54.0,54.0,54.0,54.0,2000
2022-08-05,54.0,56.3,53.6,54.0,4750
2022-08-08,55.63,56.0,54.0,55.0,5510
2022-08-10,55.02,56.1,56.1,56.1,3
2022-08-11,56.1,54.5,54.1,54.5,11000
2022-08-12,54.33,54.4,54.4,54.4,1600
2022-08-15,54.4,56.8,54.3,56.8,34597
2022-08-16,55.46,56.7,56.5,56.5,5100
2022-08-17,56.56,57.8,56.5,56.9,8879
2022-08-18,57.49,57.8,57.5,57.7,3450
2022-08-19,57.62,57.8,56.8,56.8,2800
2022-08-22,57.3,57.6,57.6,57.6,79
2022-08-23,57.6,57.6,57.0,57.0,2547
2022-08-24,57.34,57.4,56.8,57.4,4860
2022-08-25,57.13,61.0,57.3,61.0,16750
2022-08-26,59.23,61.1,59.3,60.8,10200
2022-08-29,60.43,61.0,58.3,58.3,17200
2022-08-30,60.9,60.5,59.9,60.1,12300
2022-08-31,60.09,60.5,59.0,60.3,25320
2022-09-01,60.23,60.2,59.9,59.9,6000
2022-09-02,60.05,61.0,61.0,61.0,1
2022-09-05,61.0,60.0,58.0,58.6,5012
2022-09-07,58.92,58.8,58.7,58.7,4000
2022-09-08,58.78,59.9,59.9,59.9,1
2022-09-12,59.9,59.9,58.1,59.9,4800
2022-09-13,58.53,61.2,59.3,60.0,11003
2022-09-14,60.42,59.5,59.3,59.5,6000
2022-09-15,59.4,61.7,58.0,61.7,14621
2022-09-16,60.59,64.3,61.7,64.0,37140
2022-09-19,63.58,63.6,63.4,63.6,6201
2022-09-20,63.47,63.8,63.8,63.8,45
2022-09-21,63.8,63.7,63.7,63.7,1000
2022-09-22,63.7,64.0,63.7,63.8,9220
2022-09-23,63.87,64.3,63.2,63.2,7000
2022-09-26,63.83,65.0,62.0,63.2,12410
2022-09-27,63.14,62.2,61.7,62.0,31239
2022-09-28,61.96,62.0,61.8,62.0,8000
2022-09-29,61.89,62.1,62.1,62.1,15
2022-10-05,62.1,62.3,60.3,60.6,17000
2022-10-06,61.38,60.5,60.5,60.5,600
2022-10-11,60.5,59.1,58.6,59.1,11000
2022-10-12,58.85,59.2,59.1,59.2,2400
2022-10-13,59.12,58.2,55.1,55.3,20010
2022-10-14,57.23,57.2,56.8,57.0,13400
2022-10-18,57.04,56.8,56.8,56.8,288
2022-10-19,56.8,57.2,57.2,57.2,4
2022-10-21,57.2,57.2,56.7,56.7,7500
2022-10-25,56.79,56.5,56.3,56.5,4100
2022-10-27,56.35,57.0,56.6,56.6,6500
2022-11-01,56.82,56.8,56.6,56.8,9000
2022-11-03,56.7,57.0,56.7,56.7,1421
2022-11-04,56.85,57.5,57.0,57.1,19000
2022-11-07,57.22,56.1,56.0,56.0,1009
2022-11-08,56.0,56.7,56.7,56.7,443
2022-11-10,56.7,57.0,57.0,57.0,1000
2022-11-11,57.0,60.2,58.8,59.1,31600
2022-11-14,59.26,59.7,58.9,59.5,15000
2022-11-15,59.49,61.2,60.2,60.5,15110
2022-11-16,60.67,61.2,61.0,61.0,3250
2022-11-18,61.18,60.9,60.9,60.9,2150
2022-11-21,60.9,62.3,62.3,62.3,856
2022-11-22,62.3,62.7,62.2,62.2,13100
2022-11-23,62.47,62.5,62.0,62.5,9144
2022-11-24,62.15,62.6,62.4,62.4,11388
2022-11-25,62.54,62.3,62.3,62.3,7000
2022-11-28,62.3,62.3,61.8,61.8,2001
2022-11-29,62.15,62.3,61.8,62.2,3700
2022-11-30,61.95,62.8,61.7,62.8,12500
2022-12-01,62.12,63.9,63.0,63.0,4612
2022-12-02,63.51,64.1,63.9,63.9,8500
2022-12-05,63.99,64.5,63.1,64.5,5600
2022-12-06,64.28,65.3,64.1,64.1,12300
2022-12-07,64.5,65.1,64.1,64.1,4300
2022-12-08,64.4,64.6,64.3,64.3,4000
2022-12-09,64.53,65.3,64.1,65.0,21500
2022-12-12,64.92,66.1,65.0,66.1,5000
2022-12-13,65.86,65.0,62.0,63.0,28711
2022-12-15,62.86,66.4,66.1,66.1,9000
2022-12-16,66.23,66.5,66.0,66.1,12061
2022-12-19,66.26,66.0,65.1,65.1,2101
2022-12-20,66.0,65.4,65.1,65.1,7100
2022-12-21,65.23,66.2,63.0,66.2,2001
2022-12-22,66.2,66.2,66.2,66.2,2000
2022-12-23,66.2,65.0,64.0,64.0,3000
2022-12-26,64.33,66.5,64.1,66.5,10005
2022-12-27,65.99,65.1,65.0,65.1,3000
2022-12-28,65.07,66.0,65.2,65.3,2050
2022-12-29,65.64,66.2,66.0,66.2,5005
2023-01-03,66.16,65.6,65.0,65.6,7472
2023-01-05,65.32,65.0,65.0,65.0,1000
2023-01-09,65.0,64.3,64.3,64.3,1000
2023-01-10,64.3,64.7,64.3,64.7,3000
2023-01-11,64.5,64.2,64.2,64.2,2000
2023-01-12,64.2,64.1,63.9,63.9,4000
2023-01-16,64.0,64.1,64.0,64.1,6000
2023-01-30,64.05,64.5,63.8,64.3,13011
2023-01-31,64.34,65.0,64.3,65.0,22300
2023-02-01,64.52,65.3,65.0,65.3,10500
2023-02-02,65.07,66.0,65.2,66.0,17000
2023-02-03,65.45,67.2,66.1,66.8,15900
2023-02-06,66.63,67.2,66.7,67.0,9100
2023-02-07,66.85,66.9,66.9,66.9,4000
2023-02-08,66.9,67.3,66.7,66.7,19300
2023-02-09,67.07,67.8,66.9,66.9,5000
2023-02-10,67.26,67.6,66.7,67.6,22300
2023-02-13,67.07,70.0,67.5,67.8,29500
2023-02-14,68.12,68.2,67.3,68.0,15400
2023-02-15,67.61,67.9,67.9,67.9,1
2023-02-16,67.9,67.8,67.0,67.8,4000
2023-02-17,67.4,68.0,67.4,67.7,7320
2023-02-20,67.9,69.1,68.1,69.0,22100
2023-02-21,68.64,74.0,70.1,74.0,33788
2023-02-22,71.22,74.2,71.1,71.1,14581
2023-02-23,73.59,74.2,73.9,74.2,7045
2023-02-24,74.11,72.9,71.5,72.1,35400
2023-03-01,72.23,72.3,71.7,72.0,23310
2023-03-02,72.16,71.8,71.7,71.7,3100
2023-03-03,71.8,72.3,71.7,72.0,19002
2023-03-06,72.06,72.3,71.8,72.0,15400
2023-03-07,72.13,72.5,72.0,72.0,12202
2023-03-08,72.13,72.5,72.0,72.4,12002
2023-03-09,72.21,72.9,72.0,72.5,14002
2023-03-10,72.23,72.3,71.7,71.7,18006
2023-03-13,71.95,72.2,71.7,72.0,14001
2023-03-14,71.83,72.1,71.7,72.1,15310
2023-03-15,71.88,81.5,72.1,80.2,175775
2023-03-16,78.14,80.1,74.8,75.4,38319
2023-03-17,75.82,75.7,74.0,75.1,42417
2023-03-20,75.11,75.1,73.1,74.2,16150
2023-03-21,73.89,74.4,73.2,74.0,26000
2023-03-22,73.82,74.0,72.7,72.7,38005
2023-03-23,73.18,74.2,72.8,73.0,46020
2023-03-24,73.13,73.2,72.1,72.8,23865
2023-03-27,72.75,74.5,72.6,73.6,43500
2023-03-28,73.42,73.8,73.1,73.3,11616
2023-03-29,73.52,74.0,73.3,74.0,28000
2023-03-30,73.63,73.8,73.3,73.5,19000
2023-03-31,73.54,73.8,73.8,73.8,3000
2023-04-06,73.8,74.9,72.7,73.7,38100
2023-04-07,73.77,74.1,73.4,74.0,13010
2023-04-10,73.7,74.1,72.0,72.4,43100
2023-04-11,73.0,72.0,69.1,69.6,65200
2023-04-12,70.2,69.8,66.5,68.3,33000
2023-04-13,68.71,68.5,67.9,68.5,17600
2023-04-14,68.24,68.8,68.8,68.8,1000
2023-04-17,68.8,70.2,68.1,69.9,7005
2023-04-18,69.13,70.0,68.2,69.5,14072
2023-04-19,68.53,69.0,68.3,69.0,10300
2023-04-20,68.68,69.2,68.6,69.2,14000
2023-04-21,68.8,68.5,66.7,68.4,18000
2023-04-24,68.11,69.9,67.2,68.0,12700
2023-04-25,67.83,70.8,69.0,69.4,27100
2023-04-26,69.85,69.1,68.2,68.5,13500
2023-04-27,68.72,69.2,68.7,68.7,14242
2023-04-28,69.03,69.0,68.7,68.7,8000
2023-05-02,68.89,69.7,68.2,69.2,25300
2023-05-03,68.94,71.5,69.0,71.1,38100
2023-05-04,70.33,83.3,71.1,83.0,183045
2023-05-05,76.97,89.4,82.0,84.2,140566
2023-05-08,84.7,84.2,76.7,77.9,64342
2023-05-09,78.51,81.7,77.1,80.5,42691
2023-05-10,79.76,83.4,79.7,82.5,64921
2023-05-11,82.18,87.0,82.4,84.2,53650
2023-05-12,83.46,83.1,80.5,81.0,30756
2023-05-15,81.52,83.8,77.8,78.0,64366
2023-05-16,80.15,84.8,78.6,79.3,35033
2023-05-17,80.92,83.2,79.3,81.4,22114
2023-05-18,81.53,81.9,80.7,81.1,19606
2023-05-19,80.99,81.0,79.6,80.8,18650
2023-05-22,80.38,79.7,79.7,79.7,1000
2023-05-23,79.7,80.8,80.5,80.5,10000
2023-05-24,80.74,81.0,80.5,80.5,10000
2023-05-26,80.8,81.8,81.8,81.8,3001
2023-05-29,81.8,81.3,80.0,80.5,34600
2023-05-30,80.56,86.2,80.2,86.2,51791
2023-05-31,82.01,93.1,85.0,87.0,109175
2023-06-01,87.09,90.2,86.1,89.9,59669
2023-06-02,87.62,90.7,88.2,90.2,129734
2023-06-05,89.88,99.3,90.5,95.2,112509
2023-06-06,94.47,98.4,94.5,96.3,160740
2023-06-07,95.96,100.0,97.0,99.8,138485
2023-06-08,98.25,105.5,99.0,100.0,217001
2023-06-09,100.19,104.0,95.7,98.1,100069
2023-06-12,98.86,98.8,94.8,98.5,31418
2023-06-13,97.8,99.1,96.1,98.5,57611
2023-06-14,98.35,105.0,96.1,102.5,145203
2023-06-15,100.14,105.5,100.5,103.5,114063
2023-06-16,102.91,105.5,99.1,102.0,105692
2023-06-19,101.1,104.0,100.5,103.0,116423
2023-06-20,102.02,105.0,100.0,101.5,44363
2023-06-21,101.18,105.5,100.5,103.0,122236
2023-06-26,101.55,103.5,100.5,102.5,128136
2023-06-27,101.71,107.0,102.0,104.0,90674
2023-06-28,103.6,105.5,104.0,105.5,116436
2023-06-29,104.54,110.0,104.5,105.0,75398
2023-06-30,105.53,109.5,104.0,108.0,137487
2023-07-03,107.37,114.5,109.5,113.5,144006
2023-07-04,110.94,118.5,113.0,117.0,220358
2023-07-05,114.95,130.5,115.5,125.0,281613
2023-07-06,120.66,128.5,120.0,122.0,318229
2023-07-07,123.98,125.0,116.5,123.0,150628
2023-07-10,119.39,124.0,119.5,123.0,66317
2023-07-11,122.2,122.0,114.5,116.5,132666
2023-07-12,118.1,116.5,108.5,111.0,139458
2023-07-13,112.0,125.0,111.0,119.5,115361
2023-07-14,117.34,121.0,116.0,118.5,59462
2023-07-17,117.81,120.0,113.0,115.0,115898
2023-07-18,116.27,119.0,111.5,113.0,65890
2023-07-19,113.21,116.5,110.5,113.0,68571
2023-07-20,112.62,116.5,113.5,115.5,30017
2023-07-21,114.46,122.0,115.0,120.0,112416
2023-07-24,118.68,120.5,116.0,119.0,71595
2023-07-25,118.23,120.0,115.5,117.0,81677
2023-07-26,117.93,119.0,116.5,118.5,21610
2023-07-27,117.62,121.0,118.0,120.5,119362
2023-07-28,120.11,121.5,119.5,120.5,73365
2023-07-31,120.3,120.5,116.5,118.5,128569
2023-08-01,118.47,119.5,115.5,117.5,44492
2023-08-02,117.24,119.5,116.0,117.5,41286
2023-08-04,117.17,118.5,116.0,118.5,70279
2023-08-07,116.96,120.5,117.0,120.0,59213
2023-08-08,118.72,120.0,118.5,119.0,40405
2023-08-09,119.02,124.0,118.5,119.0,24601
2023-08-10,119.16,127.5,119.0,120.0,247456
2023-08-11,122.01,120.0,106.5,114.0,337526
2023-08-14,113.57,117.5,115.0,117.0,117229
2023-08-15,116.05,120.0,117.0,119.5,52517
2023-08-16,118.78,123.5,117.5,119.0,72975
2023-08-17,120.82,119.0,116.0,118.0,65452
2023-08-18,117.23,118.0,116.0,117.0,63705
2023-08-21,117.34,117.5,115.5,117.5,31208
2023-08-22,116.59,117.5,115.5,116.0,20000
2023-08-23,116.55,115.5,114.0,115.0,27307
2023-08-24,114.69,115.0,110.0,111.0,70478
2023-08-25,111.49,110.5,106.0,109.0,45469
2023-08-28,108.13,108.5,105.5,108.5,14451
2023-08-29,106.2,109.5,108.5,109.0,10211
2023-08-30,108.91,110.0,108.0,110.0,3171
2023-08-31,108.69,110.0,108.5,109.5,27183
2023-09-01,109.13,111.5,109.5,111.5,17700
2023-09-04,110.34,110.5,108.0,110.0,17700
2023-09-05,109.42,111.5,109.0,109.0,39500
2023-09-06,110.11,111.0,109.0,111.0,8257
2023-09-07,109.97,110.0,108.5,109.0,11001
2023-09-08,109.77,111.5,108.5,110.5,21100
2023-09-11,110.4,111.5,110.0,110.0,97502
2023-09-12,110.67,110.0,106.0,110.0,71900
2023-09-13,107.78,111.5,109.5,111.0,37500
2023-09-14,110.28,120.5,111.5,119.0,91420
2023-09-15,116.97,119.0,116.5,118.0,36460
2023-09-18,118.19,118.5,116.5,116.5,25000
2023-09-19,117.52,116.5,111.5,111.5,33145
2023-09-20,113.42,111.5,109.5,110.5,56461
2023-09-21,110.56,110.5,109.0,110.5,53160
2023-09-22,110.07,110.5,110.0,110.0,31000
2023-09-25,110.26,110.5,109.5,110.5,18728
2023-09-26,110.2,111.0,109.0,109.0,31200
2023-09-27,109.98,110.5,108.5,109.0,25300
2023-09-28,109.67,110.5,109.5,110.5,4005
2023-10-02,109.88,110.5,107.5,109.0,90698
2023-10-03,108.77,110.0,107.5,108.5,17155
2023-10-04,108.03,108.0,107.0,107.5,16510
2023-10-05,107.58,111.0,108.0,109.5,68531
2023-10-06,109.99,114.0,110.0,114.0,71800
2023-10-11,110.75,117.5,111.0,114.5,242958
2023-10-12,114.03,116.0,114.0,114.5,85755
2023-10-13,114.85,115.0,113.5,114.5,70652
2023-10-16,114.33,114.5,113.5,114.0,32810
2023-10-17,114.06,116.0,112.5,116.0,75330
2023-10-18,114.74,115.0,112.0,113.0,46040
2023-10-19,113.21,113.0,111.5,113.0,16033
2023-10-20,112.66,114.0,113.0,113.0,23210
2023-10-23,113.37,113.0,111.5,112.0,14020
2023-10-24,112.32,112.0,111.5,111.5,4010
2023-10-25,111.75,112.5,110.5,111.5,30420
2023-10-26,111.62,112.0,110.0,111.5,31010
2023-10-27,111.31,111.5,110.0,110.0,27020
2023-10-30,110.56,110.5,106.5,107.5,68277
2023-10-31,107.83,107.5,103.5,105.0,84733
2023-11-01,105.08,104.0,102.5,104.0,20705
2023-11-02,103.53,106.5,104.0,105.0,49110
2023-11-03,105.21,105.5,103.5,104.0,59425
2023-11-06,104.04,104.0,103.0,104.0,28780
2023-11-07,103.74,104.0,92.0,99.5,257590
2023-11-08,97.45,104.0,98.2,104.0,130662
2023-11-09,100.72,114.0,103.5,113.0,311822
2023-11-10,107.87,121.5,112.0,119.5,554406
2023-11-13,118.81,122.5,114.5,117.5,224805
2023-11-14,117.78,119.5,112.5,114.0,292245
2023-11-15,114.19,114.0,111.0,111.5,194329
2023-11-16,112.06,117.5,109.5,115.5,136349
2023-11-17,112.15,117.5,114.5,115.5,345507
2023-11-20,115.52,123.0,115.0,119.0,535423
2023-11-21,114.0,144.5,113.5,144.5,3455670
2023-11-22,135.0,150.5,132.0,144.0,2458792
2023-11-23,141.5,147.0,137.0,141.0,1346719
2023-11-24,140.0,142.5,135.0,137.5,862891
2023-11-27,139.5,157.0,139.5,155.5,2296302
2023-11-28,150.0,156.5,147.0,150.0,1791347
2023-11-29,149.5,149.5,136.5,144.0,1682069
2023-11-30,143.0,144.0,138.5,141.5,694628
2023-12-01,141.5,141.5,135.5,135.5,895250
2023-12-04,136.5,139.0,131.5,133.5,623629
2023-12-05,132.0,139.0,131.5,134.5,474356
2023-12-06,137.5,147.5,136.5,146.5,1819785
2023-12-07,143.5,146.0,138.5,138.5,1055604
2023-12-08,137.0,139.0,134.5,136.5,540870
2023-12-11,138.0,138.5,128.0,131.5,835862
2023-12-12,131.5,132.5,129.0,129.5,327087
2023-12-13,129.5,131.5,129.0,129.0,294217
2023-12-14,129.5,129.5,125.0,126.0,417890
2023-12-15,126.0,127.5,123.5,127.0,314121
2023-12-18,127.0,127.0,124.0,124.0,221761
2023-12-19,125.0,125.5,122.0,123.0,204035
2023-12-20,123.5,129.0,123.0,126.5,266106
2023-12-21,124.5,125.5,123.5,123.5,184953
2023-12-22,124.5,124.5,121.0,121.5,186028
2023-12-25,122.0,122.5,121.0,121.0,92159
2023-12-26,121.0,122.0,120.0,121.0,133950
2023-12-27,121.0,123.5,121.0,121.0,148707
2023-12-28,122.0,133.0,122.0,129.5,615394
2023-12-29,126.0,129.5,124.5,126.5,335686
2024-01-02,126.5,126.5,124.5,125.0,100561
2024-01-03,125.0,127.0,125.0,126.0,111955
2024-01-04,125.5,131.0,125.5,129.5,296210
2024-01-05,129.0,129.5,128.0,128.5,101849
2024-01-08,128.5,132.0,127.5,128.5,179902
2024-01-09,128.5,130.0,124.0,124.0,178382
2024-01-10,124.0,126.5,123.0,126.0,149287
2024-01-11,125.0,129.5,125.0,126.5,156475
2024-01-12,127.5,131.5,126.0,129.0,228628
2024-01-15,129.5,130.0,127.5,129.0,129506
2024-01-16,129.0,129.0,125.5,125.5,117480
2024-01-17,126.0,126.0,123.0,123.5,132537
2024-01-18,124.5,125.0,122.0,123.0,80941
2024-01-19,125.0,125.0,123.5,123.5,60397
2024-01-22,123.5,127.5,123.5,125.5,89363
2024-01-23,125.0,126.5,125.0,126.5,46660
2024-01-24,126.0,127.0,125.0,127.0,98269
2024-01-25,128.5,130.0,127.5,129.5,203900
2024-01-26,129.0,133.0,128.5,129.0,311443
2024-01-29,129.0,130.0,127.0,127.5,153878
2024-01-30,127.0,128.0,127.0,127.0,66733
2024-01-31,127.0,127.0,124.5,124.5,192032
2024-02-01,124.5,127.0,124.5,126.5,95865
2024-02-02,126.5,128.0,126.5,128.0,115182
2024-02-05,128.0,128.5,126.5,126.5,114021
2024-02-15,126.5,130.5,126.5,129.0,260872
2024-02-16,129.5,130.0,127.0,127.5,160908
2024-02-19,128.0,129.5,127.0,129.5,204543
2024-02-20,129.0,129.5,128.0,128.5,103238
2024-02-21,129.5,140.5,128.0,140.0,883685
2024-02-22,137.0,137.5,132.5,135.0,585022
2024-02-23,135.5,136.0,133.0,133.5,248269
2024-02-26,135.5,138.5,135.0,136.0,357475
2024-02-27,136.5,138.0,132.5,133.0,323740
2024-02-29,133.0,134.5,133.0,133.5,170192
2024-03-01,134.0,136.5,133.5,134.0,154517
2024-03-04,135.0,138.0,134.5,136.0,344266
2024-03-05,136.0,136.0,133.0,133.5,314839
2024-03-06,133.5,135.5,132.5,134.5,224261
2024-03-07,136.0,138.0,135.0,135.0,373865
2024-03-08,136.0,136.5,129.5,134.0,489918
2024-03-11,133.0,140.5,133.0,137.5,587724
2024-03-12,134.0,136.0,133.5,134.0,297229
2024-03-13,135.0,135.5,129.0,129.5,507772
2024-03-14,135.5,142.0,135.5,142.0,1215092
2024-03-15,142.0,147.0,138.5,145.5,1100841
2024-03-18,145.5,147.0,142.5,144.5,459965
2024-03-19,144.5,146.0,143.5,145.0,264377
2024-03-20,146.0,159.5,146.0,154.5,1347027
2024-03-21,154.0,162.5,153.0,159.5,1033667
2024-03-22,162.0,163.5,157.0,161.0,592727
2024-03-25,163.0,164.5,159.0,159.0,516019
2024-03-26,159.5,160.5,153.0,154.5,563505
2024-03-27,156.5,157.0,151.5,151.5,388830
2024-03-28,152.0,152.5,150.0,151.0,248416
2024-03-29,153.0,153.5,150.0,151.0,151646
2024-04-01,152.5,157.5,151.5,154.5,329459
2024-04-02,156.0,156.0,152.0,154.0,174351
2024-04-03,154.0,156.0,153.5,155.5,132889
2024-04-08,155.5,157.5,151.5,154.5,198235
2024-04-09,154.5,155.0,152.5,153.5,163897
2024-04-10,153.5,155.0,148.0,149.0,503307
2024-04-11,147.0,147.0,139.0,139.5,716613
2024-04-12,141.0,142.0,139.0,141.0,183338
2024-04-15,139.0,140.0,138.5,139.0,126189
2024-04-16,137.5,137.5,134.5,135.0,189981
2024-04-17,136.5,144.5,136.5,141.0,256257
2024-04-18,140.0,140.0,137.5,138.5,193703
2024-04-19,136.0,139.0,132.0,136.0,214466
2024-04-22,137.0,138.5,136.0,136.0,122157
2024-04-23,137.0,143.0,137.0,139.5,152011
2024-04-24,140.0,143.5,140.0,143.0,154598
2024-04-25,141.0,146.0,141.0,145.0,174857
2024-04-26,146.0,149.5,145.5,146.5,238597
2024-04-29,146.0,146.0,142.0,143.5,140611
2024-04-30,143.5,143.5,142.0,142.0,84065
2024-05-02,141.0,143.5,141.0,142.0,101756
2024-05-03,143.0,144.5,140.5,142.0,106206
2024-05-06,142.5,143.5,140.5,142.5,91755
2024-05-07,142.5,142.5,138.5,142.5,134119
2024-05-08,140.0,143.0,140.0,142.0,106245
2024-05-09,144.0,147.0,143.5,146.5,245271
2024-05-10,148.0,148.0,144.0,146.0,125019
2024-05-13,145.5,148.0,144.0,148.0,134909
2024-05-14,148.0,153.5,147.0,152.0,320871
2024-05-15,152.5,158.5,152.5,157.0,531651
2024-05-16,157.0,159.5,156.0,157.5,357572
2024-05-17,158.5,161.0,157.0,158.0,256956
2024-05-20,159.5,159.5,155.5,156.5,234160
2024-05-21,157.0,168.0,157.0,164.0,496810
2024-05-22,166.0,166.0,158.5,160.0,305194
2024-05-23,162.5,162.5,158.0,159.0,153945
2024-05-24,159.5,161.5,159.0,161.5,82837
2024-05-27,159.5,161.5,159.0,161.0,152534
2024-05-28,162.0,162.5,158.5,159.5,136901
2024-05-29,159.5,159.5,153.5,154.5,286744
2024-05-30,155.5,158.5,155.5,157.0,243882
2024-05-31,157.0,159.0,154.5,155.0,181419
2024-06-03,156.5,159.5,156.5,158.0,168675
2024-06-04,160.0,166.5,159.0,162.0,272471
2024-06-05,163.5,173.5,163.5,171.0,709600
2024-06-06,174.0,179.5,168.5,168.5,496263
2024-06-07,168.5,177.0,167.5,168.0,423156
2024-06-11,165.5,169.5,164.0,167.0,297787
2024-06-12,165.0,170.5,164.5,170.5,177992
2024-06-13,175.0,182.0,175.0,175.5,704673
2024-06-14,178.0,179.0,174.5,175.5,372067
2024-06-17,178.0,178.0,170.0,174.5,272710
2024-06-18,177.0,177.5,171.5,171.5,145291
2024-06-19,174.0,176.0,172.0,173.0,158146
2024-06-20,176.0,176.5,171.0,171.5,145640
2024-06-21,171.0,176.5,169.5,173.0,170187
2024-06-24,175.0,175.5,171.0,171.5,66505
2024-06-25,173.5,174.5,168.0,173.5,212286
2024-06-26,174.5,178.5,174.0,174.5,323068
2024-06-27,176.0,177.5,173.5,174.0,136799
2024-06-28,174.0,175.5,171.5,174.0,111472
2024-07-01,176.5,179.5,175.0,179.0,314435
2024-07-02,181.5,182.0,175.5,176.5,230964
2024-07-03,175.0,176.5,174.5,175.5,156051
2024-07-04,176.5,180.0,176.5,177.5,182878
2024-07-05,178.0,182.0,176.5,182.0,417669
2024-07-08,182.5,188.0,182.0,182.0,401391
2024-07-09,183.5,184.5,176.5,182.0,322459
2024-07-10,182.0,188.0,181.5,182.0,571001
2024-07-11,165.0,177.0,164.5,174.0,1089495
2024-07-12,171.5,174.0,170.0,171.0,299844
2024-07-15,170.5,177.0,170.5,175.5,210663
2024-07-16,175.5,176.5,173.5,176.5,106428
2024-07-17,178.0,178.0,171.0,171.5,309077
2024-07-18,170.0,172.0,169.5,171.0,155669
2024-07-19,170.5,171.5,169.0,170.0,189933
2024-07-22,169.0,170.0,166.0,166.5,253223
2024-07-23,169.5,174.5,168.0,169.5,134726
2024-07-26,169.5,169.5,166.5,169.0,163470
2024-07-29,173.0,173.0,161.0,163.5,231961
2024-07-30,166.5,166.5,161.5,165.0,80981
2024-07-31,165.5,165.5,162.5,162.5,86764
2024-08-01,165.5,168.5,162.5,166.5,113505
2024-08-02,165.0,165.0,160.0,161.5,212585
2024-08-05,156.5,156.5,145.5,145.5,348613
2024-08-06,149.5,149.5,135.0,142.0,357576
2024-08-07,141.0,151.0,141.0,148.5,124034
2024-08-08,148.0,148.0,144.5,145.0,77158
2024-08-09,150.5,153.5,149.5,151.0,86533
2024-08-12,152.0,155.0,151.0,154.0,70565
2024-08-13,153.0,153.0,148.0,151.5,124019
2024-08-14,155.0,156.0,153.0,153.0,77841
2024-08-15,152.5,155.5,151.5,153.0,45215
2024-08-16,155.0,156.5,154.5,154.5,65784
2024-08-19,154.5,155.5,154.0,154.5,80151
2024-08-20,154.5,157.5,154.5,154.5,98660
2024-08-21,153.0,154.5,153.0,154.0,59310
2024-08-22,154.0,154.5,150.5,151.0,91983
2024-08-23,151.0,155.0,147.5,152.0,114584
2024-08-26,151.5,152.0,149.0,150.0,54824
2024-08-27,148.0,149.5,147.5,148.5,51451
2024-08-28,151.0,151.0,149.5,150.5,69122
2024-08-29,150.0,155.0,150.0,153.5,134860
2024-08-30,155.0,156.5,150.0,150.5,99453
2024-09-02,151.5,152.0,149.5,149.5,82099
2024-09-03,149.5,150.5,148.5,149.0,35573
2024-09-04,143.5,146.0,141.0,144.0,126877
2024-09-05,145.0,145.5,142.0,142.0,107873
2024-09-06,142.0,148.0,141.0,148.0,61195
2024-09-09,144.0,148.0,144.0,146.0,81398
2024-09-10,149.5,149.5,141.0,141.0,111833
2024-09-11,142.0,146.0,141.0,144.0,82292
2024-09-12,146.5,150.5,145.5,150.0,134399
2024-09-13,150.0,150.5,147.5,148.5,67132
2024-09-16,149.0,153.5,149.0,149.5,98574
2024-09-18,151.5,151.5,148.0,149.0,55296
2024-09-19,150.5,151.0,148.5,151.0,79886
2024-09-20,153.0,166.0,153.0,166.0,1138630
2024-09-23,167.0,182.5,164.0,165.5,1558417
2024-09-24,167.0,169.0,162.5,163.0,261552
2024-09-25,165.5,166.5,161.5,162.5,208503
2024-09-26,166.0,175.0,163.0,171.0,780817
2024-09-27,171.0,173.5,168.0,169.0,343574
2024-09-30,171.5,171.5,166.0,168.5,118285
2024-10-01,171.0,172.0,168.5,171.5,131485
2024-10-04,171.5,180.0,171.5,174.5,356445
2024-10-07,179.5,184.0,176.5,182.0,675018
2024-10-08,183.0,194.0,178.0,180.0,893604
2024-10-09,182.5,182.5,172.5,172.5,464953
2024-10-11,172.5,176.0,172.0,173.5,249343
2024-10-14,174.0,174.5,170.0,173.0,156561
2024-10-15,174.0,174.5,169.0,171.0,201212
2024-10-16,170.5,171.0,168.0,169.5,105196
2024-10-17,171.0,176.0,169.5,170.5,190292
2024-10-18,173.5,175.0,169.0,170.5,258429
2024-10-21,172.0,177.5,172.0,174.0,178955
2024-10-22,174.0,174.0,170.5,171.0,118733
2024-10-23,171.5,175.0,170.5,174.0,183431
2024-10-24,174.0,176.0,169.0,169.0,283220
2024-10-25,170.5,170.5,168.5,169.0,70227
2024-10-28,169.0,169.5,162.0,164.0,283177
2024-10-29,163.5,163.5,160.0,162.0,141385
2024-10-30,163.5,167.5,161.5,162.5,112962
2024-11-01,158.5,164.0,158.0,163.5,60899
2024-11-04,163.5,164.0,161.0,161.5,60917
2024-11-05,163.0,164.5,162.0,163.5,40934
2024-11-06,163.0,167.5,163.0,167.0,117284
2024-11-07,166.0,174.0,166.0,172.5,219621
2024-11-08,174.5,174.5,170.0,170.5,107639
2024-11-11,173.5,175.0,171.0,173.5,115330
2024-11-12,172.5,173.5,171.0,172.5,116683
2024-11-13,171.5,171.5,163.0,164.0,343229
2024-11-14,165.0,165.5,162.5,163.0,102087
2024-11-15,163.0,164.0,162.0,162.0,52974
2024-11-18,162.5,162.5,160.0,160.0,62536
2024-11-19,164.5,164.5,160.5,161.5,61463
2024-11-20,161.5,162.5,161.5,162.5,31651
2024-11-21,161.0,165.0,161.0,163.0,50374
2024-11-22,165.0,165.0,163.0,164.0,69535
2024-11-25,165.5,167.0,164.5,166.0,45395
2024-11-26,166.0,166.5,163.0,164.0,53735
2024-11-27,164.0,164.5,158.5,158.5,141052
2024-11-28,159.5,161.0,155.0,156.0,107333
2024-11-29,155.0,158.0,153.5,158.0,70869
2024-12-02,158.0,162.0,158.0,161.0,53517
2024-12-03,163.0,163.5,158.5,160.5,92958
2024-12-04,161.0,162.5,159.5,162.5,41210
2024-12-05,162.5,163.0,161.5,162.5,45443
2024-12-06,163.5,165.5,162.0,165.5,64217
2024-12-09,167.5,168.5,165.5,166.5,100896
2024-12-10,166.5,166.5,163.5,164.5,52135
2024-12-11,163.0,164.0,162.5,162.5,46683
2024-12-12,163.5,164.0,161.5,161.5,25807
2024-12-13,159.0,162.0,159.0,159.5,42424
2024-12-16,159.5,161.0,156.5,157.0,73992
2024-12-17,160.0,160.0,156.5,156.5,33388
2024-12-18,156.0,157.5,155.0,157.0,63304
2024-12-19,157.0,159.5,155.5,157.0,18209
2024-12-20,155.5,157.0,155.5,157.0,26516
2024-12-23,158.0,158.5,157.0,157.5,25975
2024-12-24,157.0,158.0,155.0,155.0,56664
2024-12-25,157.0,157.0,155.0,155.5,48152
2024-12-26,155.5,161.5,155.5,160.0,131364
2024-12-27,161.0,161.0,157.5,157.5,21495
2024-12-30,155.5,157.0,152.0,153.5,70273
2024-12-31,154.0,155.0,153.0,155.0,31528
2025-01-02,155.5,156.0,153.5,153.5,59631
2025-01-03,152.5,155.0,152.5,154.0,34237
2025-01-06,153.0,156.0,153.0,154.0,28350
2025-01-07,154.0,155.5,154.0,155.0,31482
2025-01-08,154.5,156.5,154.0,154.5,30016
2025-01-09,154.0,155.0,146.0,151.5,70086
2025-01-10,151.0,152.5,149.0,151.0,64307
2025-01-13,151.0,152.0,145.0,145.0,138058
2025-01-14,145.0,148.0,145.0,147.5,30221
2025-01-15,148.0,149.5,147.5,149.0,24299
2025-01-16,150.5,151.5,149.0,149.5,38387
2025-01-17,149.5,151.0,149.5,150.0,16313
2025-01-20,151.0,151.5,150.5,151.5,27156
2025-01-21,151.5,156.5,151.5,154.5,82654
2025-01-22,156.0,158.0,154.5,158.0,78246
2025-02-03,155.0,156.0,150.0,156.0,90494
2025-02-04,156.0,156.5,153.0,154.0,72477
2025-02-05,154.0,158.0,153.0,156.5,72387
2025-02-06,157.5,157.5,155.0,156.0,23099
2025-02-07,156.5,159.0,156.5,159.0,55915
2025-02-10,157.0,157.0,155.5,156.5,21702
2025-02-11,158.0,158.0,155.5,156.0,36315
2025-02-12,156.5,158.0,155.5,156.0,48486
2025-02-13,156.0,158.0,156.0,157.5,48461
2025-02-14,157.0,157.0,156.0,156.5,17593
2025-02-17,157.0,158.5,157.0,157.0,56071
2025-02-18,157.0,157.5,156.5,157.5,21095
2025-02-19,158.0,159.5,158.0,158.5,52009
2025-02-20,158.5,158.5,156.5,156.5,42238
2025-02-21,156.5,160.0,156.5,158.5,102625
2025-02-24,158.0,162.0,158.0,160.0,116240
2025-02-25,161.5,166.0,159.0,164.5,235662
2025-02-26,163.0,164.5,163.0,163.5,54112
2025-02-27,164.0,165.0,160.5,162.0,97849
2025-03-03,161.0,161.0,158.0,159.0,80278
2025-03-04,157.5,160.5,157.0,160.5,105111
2025-03-05,161.5,164.0,160.5,162.0,103021
2025-03-06,162.5,164.5,162.5,164.5,68469
2025-03-07,164.0,164.0,161.0,161.0,95833
2025-03-10,161.0,165.0,161.0,163.0,85290
2025-03-11,160.5,162.5,158.0,162.5,144521
2025-03-12,164.0,164.0,162.0,162.5,47908
2025-03-13,162.5,164.0,160.5,160.5,49249
2025-03-14,159.5,160.0,158.0,158.5,50661
2025-03-17,158.5,160.0,158.5,160.0,27171
2025-03-18,159.5,159.5,158.0,158.0,46217
2025-03-19,159.0,159.0,155.0,155.0,70910
2025-03-20,157.0,158.0,157.0,157.0,30144
2025-03-21,157.0,157.0,156.0,156.5,28881
2025-03-24,156.5,156.5,155.0,155.0,27733
2025-03-25,155.5,156.0,154.0,154.5,35291
2025-03-26,154.5,155.5,154.5,155.0,8417
2025-03-27,154.0,154.5,153.5,154.0,17810
2025-03-28,153.5,153.5,150.0,151.0,80206
2025-03-31,147.0,147.5,142.0,144.0,187278
2025-04-01,145.0,150.0,145.0,148.0,59962
2025-04-02,147.0,150.0,147.0,149.0,29754
2025-04-07,134.5,134.5,134.5,134.5,37779
2025-04-08,126.5,128.0,122.5,125.5,231139
2025-04-09,128.0,135.5,123.0,123.5,195343
2025-04-10,135.5,135.5,135.5,135.5,22732
2025-04-11,134.0,140.5,127.0,139.5,100679
2025-04-14,141.0,143.5,135.0,136.0,113915
2025-04-15,136.0,141.5,136.0,140.0,162735
2025-04-16,138.5,139.0,136.0,136.5,36957
2025-04-17,135.0,137.0,133.0,137.0,40802
2025-04-18,137.0,138.5,137.0,137.5,12090
2025-04-21,135.0,136.5,133.0,134.0,60314
2025-04-22,134.0,134.0,131.0,133.5,23126
2025-04-23,136.0,139.0,136.0,137.5,41482
2025-04-24,138.0,138.0,136.0,136.0,16590
2025-04-25,138.0,139.5,138.0,138.0,37523
2025-04-28,138.0,141.0,138.0,140.5,30932
2025-04-29,141.0,142.5,141.0,142.5,27655
2025-04-30,140.0,145.0,140.0,143.0,31727
2025-05-02,145.0,146.0,145.0,145.0,36435
2025-05-05,145.5,145.5,138.0,141.0,29146
2025-05-06,142.0,143.0,142.0,142.5,6146
2025-05-07,143.0,146.0,142.5,144.0,17767
2025-05-08,145.5,149.5,144.0,149.5,56049
2025-05-09,148.5,149.0,146.0,148.0,23191
2025-05-12,148.0,149.5,147.0,148.5,29643
2025-05-13,150.0,152.0,148.5,149.0,33557
2025-05-14,149.5,150.5,149.0,149.5,51872
2025-05-15,149.5,150.5,148.5,149.0,24937
2025-05-16,149.0,150.0,149.0,149.0,26682
2025-05-19,149.0,149.0,148.0,148.0,19910
2025-05-20,151.0,151.0,148.0,148.5,18040
2025-05-21,149.5,151.5,149.0,151.5,33777
2025-05-22,150.5,150.5,149.0,149.5,22625
2025-05-23,149.5,149.5,149.5,149.5,6720
2025-05-26,150.5,150.5,149.0,149.0,10394
2025-05-27,149.5,149.5,148.5,148.5,6313
2025-05-28,149.0,150.5,149.0,149.0,12221
2025-05-29,150.0,150.0,149.0,149.0,13099
2025-06-02,149.0,149.0,148.0,148.0,10015
2025-06-03,148.0,149.5,148.0,148.5,8229
2025-06-04,148.5,149.5,148.5,149.0,18440
2025-06-05,148.5,149.0,148.0,148.5,23218
2025-06-06,148.0,148.5,148.0,148.0,9074
2025-06-09,149.0,149.5,148.0,149.0,24759
2025-06-10,146.5,147.5,143.5,146.5,59802
2025-06-11,149.0,150.0,147.5,147.5,38008
2025-06-12,147.5,148.5,147.5,148.5,5521
2025-06-13,150.5,150.5,147.5,148.0,9726
2025-06-16,147.0,149.0,147.0,148.0,8223
2025-06-17,148.5,149.0,148.0,148.0,17891
2025-06-18,150.0,150.0,148.0,148.0,23294
2025-06-19,149.0,149.0,145.5,145.5,37242
2025-06-20,145.0,145.5,144.5,145.5,17751
2025-06-23,145.5,148.0,145.0,147.5,12002
2025-06-24,149.0,151.5,148.5,149.5,52103
2025-06-25,151.0,154.5,151.0,154.5,87790
2025-06-26,155.0,156.5,152.5,152.5,59158
2025-06-26,155.0,156.5,152.5,152.5,59158
2025-06-26,155.0,156.5,152.5,152.5,59158
2025-06-26,155.0,156.5,152.5,152.5,59158
2025-06-26,155.0,156.5,152.5,152.5,59158
2025-06-26,155.0,156.5,152.5,152.5,59158
